I_mean,FIPS
None,11001
None,44001
None,44003
None,44005
None,44007
None,44009
None,51095
None,51510
None,51515
None,51520
None,51530
None,51540
None,51550
None,51570
None,51580
None,51590
None,51595
None,51600
None,51610
None,51630
None,51640
None,51650
None,51660
None,51670
None,51678
None,51680
None,51683
None,51685
None,51690
None,51700
None,51710
None,51720
None,51730
None,51735
None,51740
None,51750
None,51760
None,51770
None,51775
None,51790
None,51800
None,51810
None,51820
None,51830
None,51840
None,06045
None,16025
70.5,16033
None,21025
None,23027
None,23029
87.5,32003
117,32011
138,32027
183,32031
None,41055
None,47151
98.75,04015
None,18155
None,24009
None,26125
108.5,35023
385,41027
None,42033
None,51036
150.33,05041
None,13289
None,17069
None,22007
None,26131
None,28045
99.67,32005
117.5,32017
104.33,34001
358.67,53007
None,54079
None,54095
188,13307
None,18163
None,23005
None,24033
113,26121
None,26137
204.25,32019
None,33013
88.5,34015
None,36031
None,37093
None,42069
None,42079
None,09013
200,13095
174,13309
None,18067
None,22093
None,23017
None,26101
None,29510
292,36103
None,39049
None,48409
102,51001
119.5,04009
52.33,04011
805.33,06037
None,09001
None,09007
None,09009
None,09011
None,09015
159.4,13177
152.5,13299
None,18053
None,18167
92.1,20081
None,21145
None,21223
45.33,22099
None,23001
None,23007
None,23009
None,23011
None,23013
None,23015
None,23019
None,23021
None,23023
None,23025
None,23031
None,24017
None,26105
None,26165
131.67,28053
135.17,28055
144.17,32013
None,33001
None,33003
None,33005
None,33007
None,33009
None,33011
None,33015
None,33017
None,33019
273.5,36047
273.5,36059
273.5,36081
273.5,36085
81.5,37015
None,37053
None,37117
None,37177
None,42083
None,45043
161.5,47095
172.57,04012
109.29,04021
488,04027
1278.57,06059
297.14,06065
None,09003
None,09005
412.43,12086
174.86,12109
152.33,13017
175.86,13037
152.71,13061
151,13093
None,13173
145,13225
168.29,13273
None,17053
220,17091
271,17185
None,18035
215,18127
200.33,18149
None,18159
None,18183
None,21075
None,23003
None,24037
None,24039
None,24041
None,25003
470.67,25023
None,26011
None,26017
None,26049
None,26055
None,26089
None,27161
144.71,29143
155,31033
140.43,32001
231.71,35013
None,37029
None,37031
102.5,37041
71.5,37073
117.38,37091
None,37095
None,37137
None,37139
None,37165
None,37187
None,39039
None,39041
None,39161
None,39171
None,42003
None,42007
None,42017
None,42021
None,42031
None,42043
None,42105
68.79,45017
None,51057
None,51101
113.86,51131
None,51133
None,51149
None,51159
None,51181
None,51193
113.14,05035
127,05093
106,05107
261.63,06025
155,10001
130,10003
301,17007
None,17065
190,17093
200,17101
None,17147
None,17197
None,18001
None,18033
None,18059
None,18075
259.33,18089
220.29,18131
None,18169
None,21105
112.29,22035
133.75,24011
143.25,24019
117.67,24035
102,24047
186.33,26021
233,26037
None,26063
245,26091
105,26099
211,26115
None,26145
None,26147
186.5,26157
145,26161
125,27003
271.5,27037
None,27043
174,27093
None,27103
None,27167
125.88,28083
109.86,28119
121.29,28125
104.36,28143
133.25,29069
154.86,29133
156.8,29155
93.17,34005
109.29,34011
100.57,34033
None,34041
None,36037
70,36073
None,37013
None,39003
None,39011
None,39023
None,39033
None,39037
None,39051
None,39063
None,39065
None,39069
None,39077
None,39091
148,39095
None,39101
None,39103
None,39107
None,39109
None,39113
None,39123
None,39125
None,39137
None,39149
None,39173
None,42037
None,42077
None,42095
78.25,42107
None,55059
None,55069
None,55087
None,55115
None,55117
None,48301
46.83,48389
None,48475
None,48109
None,48103
None,48495
None,35031
107,35001
None,08093
None,35006
157.8,35029
None,35003
None,48377
121.67,04003
None,48461
38,48371
97,35049
77.75,48229
None,08119
152.57,48141
71.25,04017
None,35017
83.5,35045
86.42,04019
None,04023
95.25,35015
None,48003
None,48043
None,48443
74,35043
None,48329
92.5,35057
93.64,35035
162.67,35051
76.42,16023
None,35027
None,35025
115.7,35005
52.2,35055
None,35047
157,35011
None,48243
44.33,08103
None,08117
127,35061
66.9,35028
98.92,04005
98.92,04007
98.92,04025
75.64,49029
140.6,35053
99.86,49021
None,48383
None,48135
42.2,49015
57.67,49037
46.38,49007
114.8,08101
51.33,35019
None,48465
85.4,08043
None,48137
None,48431
None,48271
None,53019
90.6,08089
57.5,35039
56,04001
None,35021
85.17,08055
None,08027
81.5,30087
69.83,48173
51,08113
52.5,35033
None,48227
55,35037
None,08025
92.69,49003
100.6,35041
None,48105
84,56009
None,48317
81.3,08071
None,48033
None,56005
None,53003
None,08033
82.5,08011
None,48267
113.43,48501
None,30053
None,35007
100,08059
74,56025
None,54017
None,48263
73.25,48079
64.75,49025
201,53047
None,48019
75.5,56007
85.5,08009
None,30069
None,08037
65,08081
None,30101
40.5,08051
75,56019
45.07,08019
45.07,08047
45.07,08065
45.07,08097
95.4,30007
102.17,35009
125.86,30103
None,48235
53.5,08045
26.79,30035
None,56045
135.57,48165
None,48311
92.86,49053
None,54051
52.75,08091
None,48259
None,48169
46.5,48323
94.5,56027
66.5,56001
79.17,35059
65.5,56037
105.93,30111
75.25,30017
70.08,48507
None,30075
None,36039
116.71,08069
50.08,49043
67.5,30065
35.7,30005
53,08007
59.07,08053
59.07,08111
111.5,30021
None,30091
None,48385
None,53065
None,48359
71.92,48115
24.5,30085
None,48269
None,54021
None,48413
153,53039
54,30077
46.79,49023
49.67,08107
74,08077
2213.75,06111
None,08073
80.67,30003
39.13,30071
76.21,48445
None,48327
61.5,49045
216.67,06071
130.21,04013
58.83,48107
40.1,30105
None,48353
87.5,48279
98.42,56031
85,49035
46.33,08015
120.5,56043
None,08039
None,48299
120,08041
113,56021
129.43,30083
None,48435
None,48127
None,16009
None,30019
100,30079
None,48479
None,48007
124.88,08123
None,48283
103.17,56015
71.33,48303
67.7,56033
None,49009
None,48375
102.67,08023
210,53017
210.57,16077
None,48091
52.25,48129
None,48261
None,27077
98.67,08099
None,56011
24.17,08057
None,48125
None,30011
None,08035
130,08109
None,48081
None,48361
78.43,08085
40.38,30089
None,48433
42.5,08049
None,48101
41.5,30043
76.56,49039
None,16069
None,48415
None,48345
None,54049
None,30033
None,48247
None,48417
51.42,48275
72.17,30039
69,30095
76.1,08083
56.5,30097
None,08005
50,48335
150.33,31123
91.19,49027
152.86,08003
None,48031
None,08061
66.6,40025
96,08079
None,54087
None,54097
None,53013
69.5,56013
None,30107
None,30025
None,48505
89.29,56029
74.67,48061
None,48265
84.81,49049
38,30059
205.42,16039
85.92,08021
None,48211
60,16035
None,30109
93.19,56003
116,16029
154.57,08075
None,30037
121.2,08001
55.17,48179
67.5,48451
None,48087
None,48209
73,56017
None,48307
None,54085
None,54083
132.29,08087
None,30041
None,08017
None,48191
None,41069
None,46113
55.58,48295
None,54061
100.93,48111
None,48447
None,54041
None,41021
None,54107
None,48281
None,54009
None,54029
None,54073
None,54103
None,54011
None,30055
55,48171
86,48463
None,27137
80.75,48219
None,30051
77.5,20129
213,53043
124.5,31105
43.8,08067
None,46063
53.92,56023
44,48045
None,54001
None,48075
109.86,48421
53.5,48065
131,08014
131,08031
70.5,48393
42,48207
None,54035
1310,06083
None,16049
84.75,30015
None,48429
None,46137
None,48095
50.67,48153
80.29,48163
79.36,08029
64.17,08013
87.33,30009
None,46047
None,48167
None,48249
158.67,08115
67.8,48233
243.63,06029
None,48199
59.33,30029
133.14,08105
169.29,32029
169.29,32510
None,48053
None,40045
108.6,20075
None,53023
None,48405
667,06033
50.79,48245
None,48483
46.5,40007
None,48397
None,48503
53.5,48319
186.33,41065
108.58,20175
91.8,48325
None,48155
52.5,56041
None,54013
98.64,16079
None,54055
118.33,31165
None,48237
52.2,48381
61.5,49017
45.42,48071
None,48441
None,48151
None,48363
180,12035
73.33,56035
None,48411
76.63,20067
None,46041
68.14,48357
39.93,49019
57.5,48057
116.6,48341
126.14,48205
51,40139
None,16015
None,36105
40.67,48485
182,06027
59.67,30049
49,30023
49,30061
None,48391
None,48425
49.5,30067
71.2,30013
150.5,08121
50.13,16007
240,12095
None,48131
43,48023
None,12009
77.5,46019
61.7,30073
85,49041
42.25,41025
83.8,20189
None,53051
None,54105
50.5,48291
None,40127
None,48297
1027.5,06055
296.29,53025
43.79,49033
None,38013
None,46033
81.19,30099
None,40019
None,27071
None,48355
None,48453
180,08095
None,48133
None,54033
None,48059
None,40153
None,40059
63.75,22023
None,48011
69,48399
148,16087
None,54081
165,38053
None,48083
151.33,31007
43.83,48013
None,27017
None,40129
None,48049
None,54069
None,55003
112,38105
101.25,40057
124,16019
None,16017
115,38023
None,48439
99.7,20093
72.67,48195
None,46093
504.14,06069
None,48407
32.5,16003
None,12021
None,48401
None,42005
99.07,48369
None,48197
None,40043
None,48339
None,36001
None,48253
None,48487
None,48035
None,27061
58.25,48305
89.33,30001
59.5,16055
None,27057
44.25,41023
None,42059
None,48351
None,38061
None,38033
None,31075
80.88,30057
1466.25,06087
None,48161
None,48183
None,40069
None,40125
None,46071
None,31045
48.21,49047
None,46007
None,05053
222.5,16031
157,31161
None,48455
None,48175
92.25,30027
None,40123
None,53075
None,40151
None,46103
None,40121
None,46031
None,12115
154.4,31069
120.43,08063
None,12053
79.17,48029
None,48067
None,20025
65.5,32007
65.19,22053
None,31091
None,48193
None,48289
None,22005
140.14,16005
None,27001
None,20033
None,31171
189.25,08125
None,40107
None,27031
None,27075
None,42121
421,53001
83.21,20187
None,12105
None,16061
89.93,16045
155.5,20055
None,48333
None,54071
50.21,49051
None,48047
None,48349
150,12085
None,40029
None,40133
122.25,20199
None,48203
63,16081
44.21,48437
None,20071
None,30045
None,48009
40,22011
None,48257
None,48497
91.67,20203
None,46055
None,22119
None,48373
None,40005
87.13,40093
None,48315
58,40055
253.67,12127
None,54027
None,20007
None,48343
1326.25,06053
63.58,48239
None,28161
610,06017
None,51125
None,05065
None,54057
None,27007
None,55031
44.5,48039
72,48201
208.2,31013
85.56,49005
72.8,41063
367.5,41049
None,48077
None,46105
None,48365
None,48471
None,54023
96.14,48189
130.71,20119
None,38011
None,48213
59.43,48117
157,06035
None,48367
None,40063
142,20181
None,48143
None,22037
None,48221
None,20101
105.29,30031
173,31031
None,48457
None,48113
172.5,20023
None,22101
None,26033
None,38007
None,48231
None,48347
106,20109
None,21063
None,48139
None,40081
None,48225
None,42125
265.67,06089
None,16057
None,48099
None,48021
None,12015
None,21041
None,22013
82.63,48017
None,48085
67.83,48427
53.5,48025
45,40009
None,48459
905.75,06079
None,54077
None,05131
472.5,06081
None,54007
112.75,28135
115.19,28027
None,28023
None,36045
None,40099
260.88,06011
None,13301
112,20057
145,31005
None,27069
None,40039
106,40065
None,48121
None,40061
None,40085
None,40109
None,40037
None,46081
55.67,48093
None,48499
None,38097
None,54065
77.67,48069
None,48123
381.67,12057
None,48255
None,48293
76.5,53063
None,48423
None,38095
None,42123
None,12097
None,28141
None,42065
None,54053
None,27089
None,40095
None,42049
82.14,48089
None,48337
None,48419
64.56,30047
544.67,06085
None,48251
None,12071
180.14,31101
None,38019
None,40077
None,48055
111.5,05079
152.14,31157
44.5,40049
None,48449
None,12029
None,05125
97.14,20069
131.75,20097
None,12017
217,12111
137.5,20153
None,55129
None,05127
None,20135
45.5,48157
None,40089
None,42115
None,48005
None,48187
45,48149
None,48285
53.58,49031
None,54005
None,54015
None,54019
None,54039
None,54043
None,54045
None,54047
None,54059
None,54099
None,54101
None,54109
None,36089
61,48493
None,27035
None,48177
None,22033
None,40137
None,48185
73,30093
None,01081
120.43,41061
None,38087
None,40083
None,40143
None,48001
None,22085
None,48379
None,05051
119.2,20151
None,27029
None,48469
None,20039
116,20063
101,20083
None,21127
221.67,06049
516.86,06075
60.9,22003
None,46117
None,05027
None,26001
None,45023
None,40053
None,48477
None,36111
None,01023
None,48491
67.5,40149
None,40111
189,12107
78,20171
None,22061
None,55013
82,48041
72.13,48395
None,27115
None,20195
116,38055
None,01037
53.75,16037
82,32033
None,42127
59.64,49055
400.57,53021
None,38101
None,40067
118.25,27159
None,48403
None,38075
None,01007
None,22027
109.88,05001
None,20019
None,40117
None,48097
61.14,48321
80.75,40011
None,38025
None,28077
None,45039
107.81,05037
None,48287
None,48073
None,05071
54.64,22019
None,40023
87.75,48051
None,37199
None,40027
None,54075
None,21201
109,31049
None,28115
None,55007
None,05135
None,48147
None,48217
None,05011
None,05013
None,05039
271.29,12011
271.29,12043
271.29,12087
None,38079
None,22057
100.75,28033
None,28037
228,06103
None,27059
289.63,06007
None,54031
None,22115
201,31117
None,38085
None,40047
None,05083
None,05149
None,40103
90,46121
None,12019
None,21019
None,21077
None,01073
None,01087
None,28099
None,36007
196.5,31029
55,40075
None,28005
None,48181
None,48241
None,51157
None,01025
None,05025
None,22075
None,05099
None,40003
None,05103
261.43,06039
None,05047
None,46085
None,05115
None,20165
84,40141
None,27065
None,21037
None,21117
None,40135
None,05029
None,38067
None,40033
None,05019
None,22051
None,22071
None,22087
None,22089
None,22095
76.25,41037
284.2,06093
None,28071
None,38057
None,28061
None,01075
None,51071
94.25,38065
156.63,41045
None,40087
209.5,21191
None,48277
None,54091
None,54093
97.5,13079
None,51045
None,38035
89.79,48215
None,38001
None,48467
None,27135
68.63,51027
68.63,51051
68.63,51195
None,28159
None,28075
None,38037
None,05139
299.38,06107
None,20051
93.38,20065
237.6,06105
None,51091
None,38083
99,16041
89.67,32015
201.67,12049
None,42117
None,54067
None,36025
None,26003
None,26013
None,26043
None,26053
None,26061
None,26071
None,26083
None,26095
None,26097
None,26103
None,26153
None,40079
151,20179
39.83,48473
None,26031
None,36015
None,27107
None,21023
None,48223
110.57,20047
None,38009
None,28009
None,28079
None,20167
None,40113
None,40147
None,45015
None,21237
None,22109
78,56039
None,28041
306.83,06015
None,06043
250,12081
None,21153
164.2,31057
131.25,28151
None,40051
None,48015
None,48313
116.71,20185
None,47121
None,39111
None,16085
None,26069
None,20163
125.38,28107
None,29055
125.6,31009
None,45087
None,48037
None,01131
194.38,16011
None,05045
None,50019
None,01057
None,28029
None,29221
None,40031
None,45001
None,01119
None,38063
None,40071
None,40119
None,36065
None,46075
None,48063
None,51065
None,46095
62.5,48387
None,26047
None,45047
None,12101
None,20077
46.5,40013
None,48309
None,48331
None,38049
None,51031
None,29213
232.57,12103
None,47173
None,29035
None,48273
116.57,05117
None,27021
None,28069
None,45021
58,42019
110,20191
66.13,40015
None,40091
252.75,06019
None,55113
34.7,30063
88.5,20095
62.63,49013
97.4,05145
93.75,28063
None,48119
126.33,20145
177,05043
None,28105
106,20137
None,27005
418.67,41059
107.33,55051
107.33,55085
107.33,55125
None,05129
133,27111
None,21081
49.33,40073
101.7,22049
101.7,22127
None,05097
None,47175
None,28113
None,51089
47,45007
296.14,06115
None,55099
None,01011
None,21043
None,21175
176.2,31113
79.5,38005
None,13141
50,01021
None,01123
198,31085
None,54063
112.6,20009
None,36011
None,38041
40,51111
None,28153
None,38069
None,40101
None,05059
None,48159
None,38099
None,28065
None,21121
None,47001
None,39087
101,20155
None,05101
None,01027
None,21235
None,28057
None,05105
None,28021
None,36115
None,47025
None,37057
None,42015
None,13055
None,28111
None,05081
57.5,01063
None,51019
None,05109
None,39121
None,47087
None,20035
None,29181
None,38089
72.07,51117
184.38,31111
None,38039
157,20193
None,47067
132.71,28051
None,29123
None,05057
253.75,06113
None,40021
57.14,16059
None,22091
None,28043
None,01047
None,29153
None,01111
None,29179
58.5,37153
256.4,12051
88.25,05123
98.5,20159
None,29149
None,48027
None,38027
97.25,38059
95.5,12003
95.5,12031
95.5,12089
95.5,12123
None,28049
None,22125
None,47063
None,28147
125,01117
225.33,06001
190.5,12069
151.57,31087
None,54089
196,12055
155.5,12119
None,21183
193.71,13007
None,21187
None,47159
97,48489
None,51135
None,51177
None,05091
101.94,05095
None,20049
61.36,37157
110.75,41001
None,51009
None,13105
None,28067
None,51021
54,40017
78,20147
None,28101
None,05089
None,20053
None,05023
None,22031
None,51023
None,27125
None,21165
None,01017
None,28093
77.5,45045
None,45059
None,28145
None,47189
None,01107
None,51069
None,06063
None,28001
None,01059
None,51017
None,28139
103.58,05077
None,51167
None,45077
None,47083
None,38103
150.5,31017
None,06091
None,13143
None,21109
None,05113
83,20141
None,29017
None,40105
55,51083
None,27027
None,01101
175,21013
175,21071
175,21095
175,21115
175,21119
175,21129
175,21131
175,21133
175,21147
175,21159
175,21189
175,21193
175,21195
175,21197
None,01001
None,29169
None,47043
None,54025
None,28019
142.33,06005
None,47015
None,26007
None,47055
215,06109
None,36019
None,36095
None,38043
None,38091
90.6,51085
105.5,27097
122,37087
62.5,01125
None,47013
None,39009
256.63,06031
51,51053
None,22015
134,28015
None,28025
None,40145
None,47081
167,27119
111.8,16043
118.43,49011
None,51011
None,05137
None,29203
154.5,31145
101,38015
None,21031
None,36003
None,28157
None,51187
313.75,21097
275.67,06009
None,40131
None,51029
None,50005
123.6,05055
113.83,05075
None,47085
118.75,05111
None,26041
None,27113
None,28081
None,42111
67,20205
None,21151
None,45083
None,21065
None,28123
None,40041
None,38093
195.17,06013
None,47155
None,20105
None,22021
None,45091
None,36099
None,21181
None,01015
None,36101
107,01121
230,12027
None,47029
52.5,22055
None,01085
None,28137
None,06057
73.43,48481
None,28085
None,28155
None,47073
None,12079
None,01093
121.2,05003
None,05141
None,21089
None,21107
None,28091
None,47143
None,51049
147.5,26127
136,28163
140.71,31149
None,13237
None,21125
None,47105
None,37189
None,47169
None,01127
None,05033
None,51163
None,42053
110.67,27123
None,47119
None,13207
None,01113
None,29093
None,39013
188.67,47171
None,01051
None,51061
268.25,06101
None,01013
110,12083
None,47091
None,51003
None,21057
None,21143
91.44,49057
None,20061
None,20161
None,55095
126.83,20079
None,29029
None,47109
None,18173
None,28117
113.79,05085
None,47069
None,54003
None,12117
None,12061
None,22103
None,22063
161.75,06003
None,36017
None,37161
None,42073
None,05061
117.6,22059
58.17,51005
58.17,51161
None,05005
None,47107
35.17,51037
66.5,45037
None,28039
None,13197
None,28097
None,50017
162.83,31135
None,21215
None,28007
None,47135
183.5,27009
None,55107
None,29125
None,51141
None,47039
None,01129
None,50027
136.75,55067
None,05133
None,20149
59.5,22001
None,48145
None,47061
None,36043
117.4,20177
53.2,22113
None,29065
72.83,51025
108.81,05067
None,39059
None,45073
None,47145
None,21055
270,06047
None,38031
58.5,26039
58.5,26119
58.5,26135
58.5,26143
None,38003
273.5,06051
None,21091
None,28087
149.2,31115
None,54037
None,20139
None,26109
None,27129
108.88,28011
None,29161
None,36009
None,38029
None,55075
None,13045
None,47019
None,47161
None,40097
None,47011
115.14,05069
None,47093
None,47027
None,22017
None,28149
96.7,28103
None,22081
65,37067
None,47101
102.88,32009
102.88,32021
102.88,32023
None,21015
None,37071
None,51121
None,47117
39.75,51143
None,29067
None,22117
75.5,13181
75.5,13241
75.5,13257
74.5,22077
128,42023
128,42047
128,42113
202.5,12093
None,20001
None,22121
None,28127
1120,06073
None,28003
None,29223
None,51183
None,27087
118.75,28133
47.75,36063
None,38017
None,38047
None,42063
None,42085
None,51047
None,51109
None,47089
None,29099
60.5,45065
None,50021
None,47139
95.4,05063
None,51105
None,13231
202.5,47057
115,28013
None,51169
None,28059
None,28035
113.9,16071
None,29187
None,38071
None,47103
93,20173
None,29073
98,37169
None,45069
None,47181
None,01133
None,13295
None,13317
None,28129
None,37115
154,55017
50,22045
None,27095
None,01035
None,28089
52.21,37077
None,20125
73,20183
None,50015
None,47153
None,01109
None,16021
None,28121
None,45057
124,22065
None,29105
None,37025
167.38,53077
None,40001
60,37033
None,05087
None,47003
87.79,13053
87.79,13063
87.79,13097
87.79,13113
87.79,13145
87.79,13149
87.79,13151
87.79,13215
87.79,13249
87.79,13255
87.79,13263
None,47129
106.2,22079
None,05049
148.14,29023
68.75,45029
115.5,22025
None,40035
None,47133
197.29,31071
None,45081
283.75,06077
None,47059
None,28017
None,28095
None,39119
337.33,06023
None,36091
None,45071
None,36049
None,42009
None,21005
80,41019
None,55019
None,01077
None,50001
None,47099
None,28047
None,36041
None,36113
122.5,05031
137.8,05121
None,37021
71.5,51620
44,45005
None,01029
None,47071
None,47127
None,20059
119.33,25027
None,26141
None,29085
183,37023
122,37035
196.5,55077
228.5,06021
250.75,06061
None,20015
72,37009
63.33,37119
None,29131
None,51043
185,21059
165.83,31063
125,47009
103,05147
None,42035
None,20115
None,39167
None,55057
None,47065
None,01091
105.14,20113
None,13159
74.5,01105
162,06095
136.25,20201
None,01055
None,20073
180,31103
144.33,55037
144.33,55041
144.33,55078
None,39081
None,05009
None,20031
None,17003
None,18029
None,21205
58.3,45011
96.2,20197
None,37045
107.38,41031
None,42061
None,47165
86.5,20169
None,20041
None,46017
None,51079
None,29209
None,47123
None,51185
None,45003
85.75,36093
65,45031
66.58,22039
None,36077
None,51153
113.5,20027
103.5,20123
65.08,22097
68.4,45063
None,51077
None,21177
None,45025
None,21203
None,01041
105,20143
None,13313
133.29,16001
131.93,36005
131.93,36061
131.93,36079
131.93,36087
131.93,36119
None,37027
None,45055
None,18151
None,21011
None,45033
52.38,45085
None,20099
None,47149
144.5,47007
None,37109
148,47047
None,51007
None,20121
None,29229
99.13,01045
None,39019
None,46119
None,13133
None,12013
None,29151
None,51155
113.79,13009
113.79,13021
113.79,13035
113.79,13169
113.79,13247
113.79,13265
113.79,13283
113.79,13319
None,01097
182,29189
69.5,45013
69.5,45019
69.5,45053
None,01033
102,13271
108.08,26085
182.67,27153
72.3,45049
182,47041
None,13171
None,20207
98.5,22069
127.25,12121
None,13115
None,21061
97.67,27171
495.67,06041
None,21169
None,50003
None,50009
None,50013
149.5,20089
None,47163
None,45079
None,05119
None,13297
None,22047
None,20011
None,20087
None,27025
None,45089
159.86,31065
None,51147
None,27055
None,47005
None,51075
154.17,16073
117.83,13091
948.13,06097
137.5,16065
None,39043
75,01009
90.92,37011
None,51113
None,12047
None,34037
216.33,25015
None,29225
None,21139
64.5,37001
None,12023
None,18105
70.25,51041
70.25,51087
70.25,51145
None,37059
None,29091
None,47141
None,21051
116.88,05021
None,13175
None,17199
62,51081
None,29071
159,29113
None,42039
None,55029
None,55083
131.75,16051
None,13211
None,20111
54.5,13047
54.5,13083
54.5,13223
167.33,37039
167.33,37043
167.33,37075
167.33,37099
167.33,37111
167.33,37113
167.33,37121
167.33,37149
167.33,37173
167.33,37175
None,46053
None,22111
100.33,41029
None,47179
None,38051
None,21073
None,22105
None,20017
251.33,31183
149,13189
80,26019
80,26079
None,42057
None,01005
155,47177
None,17137
None,20045
None,45041
None,47187
None,46021
None,13199
None,13221
None,20107
None,21069
308,06099
None,29215
None,13293
99.5,01115
None,20091
None,21135
None,36075
None,39115
83.5,45061
48.71,51067
None,26129
None,36117
38.75,37081
147.25,47075
153,55109
None,22043
None,20003
None,51139
None,13157
None,20085
None,51173
None,01103
None,13217
None,51171
None,42081
None,47037
119.43,01079
None,29119
None,51063
111.83,22009
None,13147
None,47111
111.21,13073
111.21,13125
111.21,13245
226,06067
None,12073
None,39025
None,42131
None,18117
None,21157
None,27041
None,29051
154.6,38073
None,39141
None,40115
68.86,37063
None,13077
None,13119
None,47137
None,21171
225.14,55097
None,36021
None,28073
None,20127
None,13011
160,13303
None,28031
71.5,39105
215,21209
None,47115
None,36057
None,46065
None,20103
145.83,05017
None,50025
71.58,45009
108,01083
None,29015
None,39155
None,46107
None,29019
None,12131
None,47049
165.67,55135
None,46123
None,12039
None,47157
None,24001
45.64,37181
None,47023
159.33,20157
None,13219
None,21029
None,39007
None,26009
142,31015
None,47021
None,39053
71.5,13165
None,51137
None,01043
None,01095
147.33,27051
None,29186
None,55047
None,55081
212.5,47125
None,47035
None,51035
None,28109
None,28131
102,13015
None,29009
None,47017
107,13023
None,01065
164,55005
132,18115
117.29,22067
115,20029
None,21045
None,21103
None,47185
180.75,31041
None,51197
None,21113
191.86,27121
38.75,37135
124,05073
215.25,31089
None,29043
None,47031
None,36123
52.43,37183
282.83,25011
170.29,27141
None,01039
None,46129
None,13167
None,29219
None,38077
None,39001
None,13233
None,29059
177.14,31083
None,55063
None,21229
66.71,51013
66.71,51059
66.71,51179
None,01049
69.36,37145
237.38,31003
None,37003
None,12125
None,34035
None,36035
None,17153
None,21173
117,22073
None,36097
None,39067
None,39073
None,51033
264,17019
None,36107
90,01067
None,01019
154,13279
None,46069
156.67,47113
None,17145
54.5,37151
146,38045
123.6,13057
123.6,13059
123.6,13067
123.6,13085
123.6,13089
123.6,13111
123.6,13117
123.6,13121
123.6,13135
123.6,13187
123.6,13227
123.6,13281
123.6,13291
123.6,13311
125.29,12001
85.5,13107
None,13195
None,21085
260,21035
186.13,31073
79.5,51015
95.33,01099
None,20133
None,21003
None,37159
None,21111
118.83,13193
None,42129
185,47079
None,20117
None,27143
161.14,29201
196.13,31061
None,39031
88.25,45051
None,17077
None,01089
None,12059
None,05015
124.7,36029
60,30081
None,17087
179.33,25001
179.33,25007
179.33,25009
179.33,25013
179.33,25017
179.33,25019
179.33,25021
179.33,25025
104.25,22041
188,17017
None,29167
55.07,37185
None,01071
None,29001
118,16013
106.29,13163
None,17083
None,36109
None,13139
None,20037
207.88,31099
None,37005
None,36069
None,13137
None,37007
None,17061
None,51107
None,50023
150,47167
None,18055
None,29185
None,47077
202,29027
157.63,29207
None,24023
None,47051
None,21001
None,29011
None,37167
None,51099
None,17151
None,39079
None,21079
None,20021
None,36051
None,21093
None,36023
None,29139
147.83,13243
127,20209
None,39017
None,39029
177.83,17059
None,21049
188.14,27145
111.14,22107
None,34019
None,45035
None,26051
None,39099
None,51191
167,26057
None,18025
None,21207
None,20131
98.4,01003
None,29039
121.29,41039
None,13213
176.2,38021
None,18093
None,26133
61,01061
None,05143
None,29145
None,53049
None,13123
None,13269
None,45067
197,17123
None,29097
None,36083
None,29141
182.5,47131
None,36053
263,17011
None,29135
None,37037
None,55119
141.5,13109
150.43,16075
127.8,12075
225,55023
None,12033
None,47183
None,27099
None,50011
None,55103
None,29101
194.5,31047
None,21185
None,39131
None,47045
None,18047
None,26113
135.79,13025
135.79,13029
135.79,13039
135.79,13049
135.79,13051
135.79,13127
135.79,13179
135.79,13183
135.79,13191
None,12091
None,13013
None,17117
126.33,12005
126.33,12037
126.33,12045
126.33,12077
126.33,12129
None,21027
None,27155
176.8,27149
None,27053
None,29077
None,21179
None,17067
74,37097
None,39015
None,21087
None,29211
None,20005
None,21137
218,55121
None,29109
None,46015
None,21163
140,37089
81.33,49001
None,17129
None,18077
70.83,37171
None,21239
None,13129
None,42091
178.29,16027
95.75,34003
95.75,34013
95.75,34017
95.75,34027
95.75,34031
95.75,34039
72.5,01031
125.5,37017
76.07,45075
209.86,55137
None,37193
148.14,13251
None,17051
None,29129
None,42067
None,29217
146.5,12063
93.67,41011
58.67,36067
None,29173
None,29079
114,55073
None,18165
None,55141
None,18123
104.14,22123
None,29089
None,17081
143.25,26159
None,21053
232.5,31035
None,29057
None,17057
104.29,22083
None,18143
90.83,45027
130.5,29031
114.57,13033
None,41015
None,05007
189.88,31175
186,46109
182,27049
None,21199
None,12133
109,26123
133.67,37131
None,39093
None,42027
210,31019
207.14,31095
None,55123
154.33,13267
151.6,38081
None,29121
204.25,31077
None,36033
None,29021
None,29163
None,50007
None,17169
None,21161
None,29025
None,39165
207.38,31169
None,37103
180.13,41035
None,46049
275,55053
165.33,55033
None,27085
None,29165
None,46089
None,29045
115,29037
196.6,53011
None,29083
71.63,53041
None,13153
127.5,01069
None,29053
200,27165
None,12065
236,20013
114.5,12041
None,26111
160,29107
204.67,47147
144.75,13315
None,29199
235.14,26149
None,21221
243.43,31107
226.43,16047
184,31181
None,26107
72.75,37105
None,39127
None,13209
177.17,13253
296.25,12099
160,47097
None,29117
170.25,36071
None,29081
133,47053
319.57,53067
None,01053
152.33,29007
180.86,16063
215,31001
152.71,53009
152.71,53029
152.71,53031
152.71,53035
152.71,53045
152.71,53055
152.71,53059
152.71,53069
None,21033
None,39089
None,55093
None,29157
None,17095
None,39163
88,12067
165.17,13081
None,37141
371,53005
135,17127
97,22029
None,26029
None,27023
198.63,31137
None,46059
253.29,55001
None,29175
None,39071
None,27109
None,46045
None,13285
None,18137
193.75,31093
130,41043
78.5,42025
78.5,42089
78.5,42103
62.58,53027
224.88,31059
None,18125
167,41009
106.8,41013
110,13043
156.71,13155
None,17181
None,39145
None,29115
209,29127
None,29137
None,21155
None,21233
216.63,31081
None,31147
72.5,37125
None,29041
None,27039
None,29159
234.13,31185
136,39061
None,18061
122,46025
None,17009
None,29095
None,18177
258.43,26027
None,29047
None,37123
None,51097
None,17109
None,13305
None,17203
None,21231
173.57,13239
173.57,13259
None,39147
230.38,31129
None,39027
156,29205
None,46013
None,37179
None,46073
None,12007
None,17175
None,17027
None,18107
188,27163
None,29013
96.57,37127
156.57,13099
None,29111
None,27173
None,26015
None,17121
None,29171
None,51175
None,21099
None,39005
None,17143
194,31097
125,36013
141.33,46023
99.75,37049
179,26117
214.63,31151
89.33,37129
80.5,27011
244.5,55111
None,18037
None,21217
None,29103
None,27157
None,21167
None,39157
None,29177
None,55139
None,46037
213,17107
None,27079
82.5,37051
325,21067
None,46091
None,19005
None,39083
None,21213
89.92,34021
89.92,34023
89.92,34029
193,17119
None,18157
None,29197
79.7,41017
98.25,34025
166.33,17033
202.67,18073
None,18079
228.2,26005
None,39021
140.5,47033
None,21021
189.5,13261
None,18021
None,21211
None,17173
None,31127
None,27019
214,31109
None,21017
None,17037
None,18171
None,17071
None,19187
154,46005
193,55035
None,29061
80,37155
226.75,31011
117.8,41003
221.43,31067
122,41033
183.57,13321
None,21149
None,29075
None,27139
None,29033
96.5,13185
None,17155
None,18057
None,17079
None,17193
None,26087
None,19177
63.07,37069
None,29183
None,17157
None,18153
None,29063
None,19111
129,55011
90.64,51073
90.64,51103
90.64,51115
90.64,51119
90.64,51127
90.64,51199
None,19185
None,18147
None,39097
None,27033
209.5,31131
201.71,13087
None,21141
138.29,13031
None,26155
None,37133
None,29049
None,29195
None,17001
None,21009
None,19125
None,27091
98.21,34007
98.21,34009
229.75,31159
None,17005
None,17189
None,20043
None,26045
227.5,31143
None,39133
80.38,51165
201.88,31163
None,37197
None,27169
None,17115
157,13287
None,17023
None,42001
129,53015
192,13205
None,26035
177.57,13277
136,55133
None,12113
211.13,31079
None,42099
None,29227
188.14,13201
220,21047
123,46029
None,19033
None,24510
156.5,13161
158,26025
239.57,16053
None,39055
None,24025
None,27063
None,17085
217.75,31155
None,17135
None,21225
156.14,13019
None,13103
None,24003
165.2,26163
None,39139
126.5,10005
None,19179
147,39129
77.75,42055
184,26081
171.6,27151
167,29087
None,19059
None,17075
None,55043
None,17021
None,39035
None,39085
None,39153
244.33,46135
None,19153
138.64,13027
199,19151
156.86,53037
None,46003
None,17055
None,19021
247,31025
196.25,46115
203,19115
None,17167
None,21219
None,42041
None,18175
None,21123
None,19051
343,55049
None,51093
239.2,18087
193,46051
None,19013
None,18081
None,36121
None,21227
None,17045
None,18119
172,18013
172,18043
None,29003
153.14,13065
153.14,13101
None,46111
173.71,13275
None,37019
None,18015
None,21101
None,42087
79.25,37101
199.5,31043
None,17165
215,31133
None,19015
106,42133
182.5,13131
None,42097
None,17039
None,21007
80.17,37085
None,37047
None,19053
None,18161
None,19017
None,19087
None,26073
174.25,26139
230,17131
250.4,17179
128.8,41007
128.8,41041
232.6,19147
None,19117
None,19121
None,42109
197.88,16083
None,19127
None,39135
169.5,46009
None,19097
93.5,46035
None,19083
None,27045
180,55025
103,37055
None,19039
None,46039
None,42093
132.5,24029
None,17105
None,24021
142.5,26151
214.83,31153
None,46043
256.2,53057
None,19197
None,27127
None,17187
232.13,31053
None,19019
165,42013
198.67,26067
None,29147
192.5,13075
None,18135
None,19007
None,27047
244.88,41005
None,19107
155.83,41053
None,39151
112,13001
None,19135
103.5,46067
None,19123
None,19191
None,39075
None,26065
None,19079
192.83,26023
88.2,37061
109.75,37107
None,39159
None,55061
None,19011
204,29005
179,27015
None,21039
None,18027
None,19099
None,17133
None,19041
None,18179
142,55101
188.5,55127
None,21083
None,19063
None,17201
145.75,46077
None,19043
None,24013
None,19075
None,27083
None,17099
211.57,46027
None,17163
None,18045
240.71,17103
182.43,13071
None,19067
241,27067
56,37147
None,19023
167,19109
205,31121
222.5,17073
200,31125
235.25,31141
None,19073
None,19143
235,26077
None,19159
None,55021
99.5,37163
228.5,31023
None,18101
131.5,46057
200.57,46125
277,19089
None,19101
311,19131
None,26075
131.25,13235
193,19065
None,19141
85.67,37079
None,46061
182,13069
None,39047
None,46101
None,17041
264.33,31167
None,17139
None,18019
None,19169
None,55131
None,19145
None,17177
None,27081
None,46097
None,19025
None,18007
None,27117
None,19171
None,39045
None,19195
None,31055
None,17141
None,55015
None,19181
None,19069
150,46099
None,19113
None,19081
237.14,31021
179.83,46011
None,55065
None,24031
110,24005
251,31177
None,55027
222.33,17161
None,19037
None,46087
180,55045
None,17113
199,17125
142,55079
None,19061
None,24043
None,17159
None,55039
None,19095
140,55091
None,17047
154.4,27073
None,39117
214.6,17031
214.6,17043
None,27101
280.43,31027
None,17035
None,19091
224.5,19139
215,19133
None,18017
None,19173
None,19105
None,19049
None,19157
145,13229
None,17025
147.5,26059
None,27105
92.07,37195
None,19035
None,19077
None,27131
248,19119
179.5,17111
168,13003
None,19183
None,17183
241,18051
None,19055
None,42119
None,18003
238,18181
111.13,37083
97.5,37191
None,19027
None,19003
None,18023
304.8,53053
None,27013
192.25,41047
198.63,41067
256.5,18083
None,19175
None,13005
None,26093
None,19189
None,18063
170,27147
207,19071
None,18071
None,18121
None,19103
213.5,55105
None,55055
156.25,42045
156.25,42101
None,19001
None,19129
None,42011
224.88,31119
300,31051
190.4,46083
None,39143
None,46079
157,53071
None,39169
218,18005
None,18065
None,18041
None,19161
None,18109
None,18031
None,18133
110,55089
None,17149
None,17191
282,17015
None,39057
172.67,18099
None,17171
None,17049
None,42051
None,18129
None,19137
237.13,17195
None,19163
95,37065
None,19031
228.88,31037
195.14,46127
None,27133
None,19029
231.75,31139
265.25,16067
178.5,18113
250.2,19167
313.5,19149
90,36055
None,19045
226.43,41051
229,18097
None,17013
None,19057
None,18009
None,55009
199.2,18039
None,37143
None,42029
204,31173
295.33,31179
None,19047
240,31039
None,19009
226.67,19193
None,42075
222.33,19085
132.5,24045
None,55071
None,17063
None,19155
None,19093
216.6,53061
None,18095
None,18145
None,19165
None,39175
183.5,42071
None,18111
333,53073
None,24027
159.5,41057
130,25005
188,18049
244.83,18141
None,24015
None,18011
208.75,53033
152.25,36027
268.14,18091
265,18103
242.25,18085
None,17029
186,17097
176.88,41071
None,17089
None,18139
None,18069
